series,officer,position,rank,starship,designation
TOS,James Kirk,Commanding Officer,Captain,Enterprise,NCC-1701
TOS,Spock,First Officer,Commander,Enterprise,NCC-1701
TOS,Leonard McCoy,Chief Medical Officer,Lt. Commander,Enterprise,NCC-1701
TOS,Montgomery Scott,Chief Engineer,Lt. Commander,Enterprise,NCC-1701
TOS,Nyota Uhura,Communications Officer,Lieutenant,Enterprise,NCC-1701
TOS,Hikaru Sulu,Helmsman,Lieutenant,Enterprise,NCC-1701
TOS,Pavel Chekov,Navigator,Ensign,Enterprise,NCC-1701
TNG,Jean-Luc Picard,Commanding Officer,Captain,Enterprise,NCC-1701-D
TNG,William Riker,First Officer,Commander,Enterprise,NCC-1701-D
TNG,Geordi La Forge,Chief Engineer,Lt. Commander,Enterprise,NCC-1701-D
TNG,Worf,Chief Security Officer,Lieutenant,Enterprise,NCC-1701-D
TNG,Beverly Crusher,Chief Medical Officer,Commander,Enterprise,NCC-1701-D
TNG,Deanna Troi,Counselor,Commander,Enterprise,NCC-1701-D
TNG,Data,Second Officer,Lt. Commander,Enterprise,NCC-1701-D
TNG,Wesley Crusher,Navigator,Ensign,Enterprise,NCC-1701-D
DS9,Bejamin Sisko,Commanding Officer,Captain,,Deep Space 9
DS9,Kira Nerys,First Officer,Commander,,Deep Space 9
DS9,Odo,Chief of Security,None,,Deep Space 9
DS9,Worf,Strategic Operations Officer,Lt. Commander,,Deep Space 9
DS9,Julian Bashir,Chief Medical Officer,Lieutenant,,Deep Space 9
DS9,Jadzia Dax,Chief Science Officer,Lt. Commander,,Deep Space 9
DS9,Miles O'Brien,Chief Operations Officer,Senior Chief Petty Officer,,Deep Space 9
Voy,Kathryn Janeway,Commanding Officer,Captain,Voyager,NCC-74656
Voy,Chakotay,First Officer,Commander,Voyager,NCC-74656
Voy,Tuvok,Second Officer,Lt. Commander,Voyager,NCC-74656
Voy,Tom Paris,Helmsman,Lieutenant,Voyager,NCC-74656
Voy,B'Elanna Torres,Chief Engineer,Lieutenant,Voyager,NCC-74656
Voy,Harry Kim,Operations Officer,Ensign,Voyager,NCC-74656
Voy,The Doctor,Chief Medical Officer,None,Voyager,NCC-74656
Ent,Jonathan Archer,Commanding Officer,Captain,Enterprise,NX-01
Ent,T'Pol,First Officer,Commander,Enterprise,NX-01
Ent,Phloc,Chief Medical Officer,,Enterprise,NX-01
Ent,Malcolm Reed,Chief Security Officer,Lieutenant,Enterprise,NX-01
Ent,Trip Tucker,Chief Engineer,Commander,Enterprise,NX-01
Ent,Travis Mayweather,Helmsman,Ensign,Enterprise,NX-01
Ent,Hoshi Sato,Communications Officer,Ensign,Enterprise,NX-01
